,raceId,driverId,stop,lap,time,duration,milliseconds
8829,1074,1,1,11,18:21:54,25.201,25201
8830,1074,4,1,11,18:22:10,25.365,25365
8831,1074,854,1,12,18:24:08,25.214,25214
8832,1074,848,1,13,18:25:47,24.874,24874
8833,1074,830,1,14,18:26:43,24.897,24897
8834,1074,832,1,14,18:26:50,24.666,24666
8835,1074,825,1,14,18:27:07,25.478,25478
8836,1074,842,1,14,18:27:08,24.575,24575
8837,1074,839,1,14,18:27:11,30.484,30484
8838,1074,822,1,14,18:27:19,25.893,25893
8839,1074,849,1,14,18:27:38,24.457,24457
8840,1074,844,1,15,18:28:19,25.012,25012
8841,1074,815,1,15,18:28:32,25.046,25046
8842,1074,847,1,15,18:28:38,25.888,25888
8843,1074,852,1,15,18:28:57,26.095,26095
8844,1074,855,1,15,18:29:03,25.428,25428
8845,1074,817,1,17,18:32:46,24.915,24915
8846,1074,840,1,18,18:34:18,25.739,25739
8847,1074,807,1,19,18:36:11,27.365,27365
8848,1074,846,1,24,18:44:41,24.568,24568
8849,1074,4,2,25,18:45:53,24.909,24909
8850,1074,1,2,27,18:48:44,25.796,25796
8851,1074,852,2,29,18:52:37,24.350,24350
8852,1074,830,2,30,18:53:16,24.937,24937
8853,1074,839,2,30,18:54:12,25.393,25393
8854,1074,844,2,31,18:54:52,24.527,24527
8855,1074,842,2,32,18:57:23,25.875,25875
8856,1074,849,2,32,18:58:19,24.778,24778
8857,1074,832,2,33,18:58:21,24.438,24438
8858,1074,815,2,33,18:58:23,24.173,24173
8859,1074,847,2,33,18:58:45,25.334,25334
8860,1074,817,2,33,18:59:53,24.885,24885
8861,1074,825,2,34,19:00:39,25.876,25876
8862,1074,854,2,35,19:02:58,25.586,25586
8863,1074,848,2,35,19:03:09,25.570,25570
8864,1074,822,2,36,19:04:16,25.156,25156
8865,1074,855,2,37,19:06:00,25.291,25291
8866,1074,807,2,37,19:06:47,26.712,26712
8867,1074,840,2,38,19:08:04,26.957,26957
8868,1074,846,2,41,19:13:23,27.367,27367
8869,1074,4,3,42,19:14:26,24.508,24508
8870,1074,830,3,43,19:14:40,24.402,24402
8871,1074,815,3,43,19:14:56,24.947,24947
8872,1074,839,3,43,19:15:58,24.233,24233
8873,1074,832,3,44,19:16:30,24.287,24287
8874,1074,1,3,44,19:16:52,25.579,25579
8875,1074,852,3,44,19:17:39,24.188,24188
8876,1074,817,3,44,19:18:41,25.139,25139
8877,1074,847,3,45,19:18:53,25.574,25574
8878,1074,807,3,44,19:18:58,25.748,25748
8879,1074,822,3,45,19:19:39,25.188,25188
8880,1074,855,3,45,19:19:45,28.647,28647
8881,1074,844,3,46,19:19:53,24.613,24613
8882,1074,840,3,45,19:20:32,25.039,25039
8883,1074,846,3,45,19:20:59,24.975,24975
8884,1074,849,3,45,19:21:07,24.658,24658
8885,1074,825,3,46,19:21:29,26.051,26051
8886,1074,848,3,46,19:22:54,25.055,25055
8887,1075,817,1,8,20:16:37,20.650,20650
8888,1075,840,1,13,20:24:49,22.339,22339
8889,1075,848,1,13,20:24:54,20.683,20683
8890,1075,815,1,15,20:27:12,20.481,20481
8891,1075,842,1,15,20:27:52,22.820,22820
8892,1075,844,1,16,20:28:55,21.038,21038
8893,1075,830,1,16,20:28:58,20.731,20731
8894,1075,832,1,16,20:29:04,21.521,21521
8895,1075,847,1,16,20:29:21,21.415,21415
8896,1075,4,1,16,20:29:40,21.543,21543
8897,1075,822,1,16,20:29:43,22.561,22561
8898,1075,839,1,16,20:29:50,21.141,21141
8899,1075,846,1,16,20:29:54,20.383,20383
8900,1075,855,1,16,20:29:56,33.734,33734
8901,1075,855,2,27,20:51:18,15.103,15103
8902,1075,822,2,35,21:03:48,22.710,22710
8903,1075,825,1,37,21:06:57,22.374,22374
8904,1075,807,1,37,21:07:16,21.425,21425
8905,1075,1,1,40,21:12:59,21.788,21788
8906,1076,840,1,3,15:08:15,18.242,18242
8907,1076,840,2,4,15:10:29,18.560,18560
8908,1076,849,1,13,15:25:03,18.552,18552
8909,1076,854,1,14,15:26:23,19.039,19039
8910,1076,839,1,17,15:30:30,19.128,19128
8911,1076,830,1,18,15:31:37,18.281,18281
8912,1076,852,1,18,15:32:02,18.443,18443
8913,1076,815,1,20,15:34:33,17.434,17434
8914,1076,846,1,20,15:34:40,17.556,17556
8915,1076,817,1,21,15:36:06,18.150,18150
8916,1076,842,1,21,15:36:15,18.926,18926
8917,1076,855,1,21,15:36:22,18.380,18380
8918,1076,844,1,22,15:37:04,17.973,17973
8919,1076,1,1,22,15:37:22,17.877,17877
8920,1076,822,1,22,15:37:40,18.413,18413
8921,1076,847,1,23,15:38:51,18.479,18479
8922,1076,840,3,23,15:39:30,20.402,20402
8923,1076,849,2,23,15:40:00,17.936,17936
8924,1076,4,1,39,16:05:24,18.796,18796
8925,1076,825,1,39,16:05:30,19.111,19111
8926,1076,4,2,53,16:25:28,18.394,18394
8927,1076,848,1,57,16:30:33,19.845,19845
8928,1077,817,1,2,15:07:48,32.362,32362
8929,1077,817,2,16,15:31:14,30.422,30422
8930,1077,20,1,17,15:32:26,30.484,30484
8931,1077,842,1,17,15:32:38,30.405,30405
8932,1077,848,1,17,15:32:41,30.793,30793
8933,1077,815,1,18,15:33:26,30.366,30366
8934,1077,847,1,18,15:33:46,31.079,31079
8935,1077,822,1,18,15:33:47,40.957,40957
8936,1077,825,1,18,15:33:56,33.765,33765
8937,1077,852,1,18,15:34:06,30.372,30372
8938,1077,840,1,18,15:34:06,32.667,32667
8939,1077,1,1,18,15:34:07,32.740,32740
8940,1077,839,1,18,15:34:08,31.409,31409
8941,1077,849,1,18,15:34:17,31.125,31125
8942,1077,855,1,18,15:34:18,32.203,32203
8943,1077,854,1,18,15:34:18,31.320,31320
8944,1077,830,1,19,15:34:49,30.001,30001
8945,1077,844,1,19,15:34:56,31.794,31794
8946,1077,846,1,19,15:35:07,30.070,30070
8947,1077,817,3,30,15:51:37,30.155,30155
8948,1077,844,2,49,16:16:19,30.042,30042
8949,1077,815,2,50,16:17:38,29.627,29627
8950,1077,830,2,51,16:18:44,29.942,29942
8951,1077,854,2,52,16:22:04,30.984,30984
8952,1077,844,3,53,16:22:17,36.560,36560
8953,1078,852,1,11,15:51:11,18.870,18870
8954,1078,825,1,12,15:52:43,19.760,19760
8955,1078,854,1,14,15:55:54,20.413,20413
8956,1078,4,1,15,15:57:23,21.638,21638
8957,1078,842,1,16,15:58:56,19.543,19543
8958,1078,848,1,16,15:59:11,20.059,20059
8959,1078,846,1,18,16:02:13,19.986,19986
8960,1078,1,1,22,16:08:23,18.820,18820
8961,1078,844,1,24,16:11:03,19.697,19697
8962,1078,830,1,26,16:14:04,18.798,18798
8963,1078,822,1,26,16:14:35,19.614,19614
8964,1078,832,1,27,16:15:51,22.063,22063
8965,1078,815,1,27,16:16:00,18.519,18519
8966,1078,817,1,30,16:21:25,19.484,19484
8967,1078,849,1,34,16:28:20,19.185,19185
8968,1078,847,1,40,16:36:53,19.035,19035
8969,1078,840,1,40,16:37:28,19.074,19074
8970,1078,842,2,40,16:37:43,19.007,19007
8971,1078,815,2,41,16:38:38,18.433,18433
8972,1078,839,1,41,16:39:21,19.019,19019
8973,1078,20,1,41,16:39:42,19.861,19861
8974,1078,817,2,41,16:39:49,19.280,19280
8975,1078,852,2,41,16:40:43,19.618,19618
8976,1078,825,2,42,16:41:34,20.673,20673
8977,1078,854,2,54,17:03:43,32.381,32381
8978,1079,1,1,1,15:05:05,31.054,31054
8979,1079,825,1,1,15:05:25,29.632,29632
8980,1079,832,1,10,15:18:23,22.341,22341
8981,1079,4,1,10,15:18:24,22.375,22375
8982,1079,842,1,10,15:18:27,22.008,22008
8983,1079,855,1,10,15:18:29,23.109,23109
8984,1079,852,1,11,15:19:52,23.083,23083
8985,1079,817,1,11,15:19:54,22.124,22124
8986,1079,848,1,11,15:20:05,23.419,23419
8987,1079,846,1,12,15:21:18,21.916,21916
8988,1079,854,1,12,15:21:23,23.582,23582
8989,1079,849,1,12,15:21:38,23.189,23189
8990,1079,847,1,13,15:22:29,22.154,22154
8991,1079,830,1,13,15:22:30,22.173,22173
8992,1079,839,1,13,15:22:43,22.137,22137
8993,1079,822,1,14,15:24:08,22.987,22987
8994,1079,840,1,14,15:24:34,22.833,22833
8995,1079,815,1,17,15:28:29,22.032,22032
8996,1079,844,1,21,15:34:08,21.794,21794
8997,1079,20,1,21,15:35:06,22.536,22536
8998,1079,1,2,22,15:36:50,22.105,22105
8999,1079,848,2,25,15:41:42,22.657,22657
9000,1079,849,2,26,15:43:09,22.311,22311
9001,1079,840,2,27,15:44:33,23.394,23394
9002,1079,830,2,28,15:44:56,21.966,21966
9003,1079,842,2,29,15:47:23,27.947,27947
9004,1079,825,2,29,15:47:59,23.878,23878
9005,1079,854,2,30,15:48:45,23.127,23127
9006,1079,832,2,31,15:49:46,21.867,21867
9007,1079,4,2,31,15:50:10,21.914,21914
9008,1079,817,2,31,15:50:18,22.399,22399
9009,1079,852,2,32,15:51:35,22.802,22802
9010,1079,846,2,33,15:52:58,23.341,23341
9011,1079,822,2,34,15:54:04,22.541,22541
9012,1079,839,2,35,15:55:53,22.953,22953
9013,1079,847,2,36,15:56:49,22.039,22039
9014,1079,815,2,37,15:58:12,21.619,21619
9015,1079,20,2,42,16:06:42,22.456,22456
9016,1079,830,3,44,16:08:25,21.941,21941
9017,1079,832,3,45,16:10:31,22.302,22302
9018,1079,848,3,45,16:12:16,23.328,23328
9019,1079,842,3,46,16:13:00,21.838,21838
9020,1079,840,3,46,16:13:18,23.812,23812
9021,1079,1,3,48,16:15:01,22.241,22241
9022,1079,817,3,48,16:15:50,22.154,22154
9023,1079,847,3,51,16:19:02,22.815,22815
9024,1079,849,3,50,16:19:30,22.761,22761
9025,1079,846,3,51,16:19:48,22.165,22165
9026,1079,839,3,52,16:21:10,22.033,22033
9027,1079,852,3,52,16:21:27,22.316,22316
9028,1079,815,3,53,16:21:47,21.694,21694
9029,1079,4,3,53,16:22:49,25.407,25407
9030,1079,848,4,54,16:26:07,23.404,23404
9031,1080,840,1,1,16:07:59,26.731,26731
9032,1080,849,1,1,16:08:10,36.773,36773
9033,1080,842,1,2,16:10:02,35.486,35486
9034,1080,840,2,2,16:10:09,32.750,32750
9035,1080,849,2,2,16:10:20,36.351,36351
9036,1080,854,1,4,16:13:36,27.637,27637
9037,1080,20,1,6,16:16:58,24.965,24965
9038,1080,852,1,6,16:17:00,25.068,25068
9039,1080,1,1,15,16:31:22,24.796,24796
9040,1080,815,1,16,16:32:29,24.409,24409
9041,1080,846,1,17,16:34:17,24.872,24872
9042,1080,854,2,17,16:35:15,36.854,36854
9043,1080,844,1,18,16:35:26,25.710,25710
9044,1080,830,1,18,16:35:33,27.009,27009
9045,1080,848,1,18,16:36:49,27.231,27231
9046,1080,817,1,19,16:38:22,26.056,26056
9047,1080,855,1,19,16:38:23,25.594,25594
9048,1080,849,3,19,16:38:26,26.910,26910
9049,1080,822,1,20,16:39:34,25.865,25865
9050,1080,832,1,21,16:40:05,24.666,24666
9051,1080,844,2,21,16:40:08,28.034,28034
9052,1080,847,1,21,16:40:29,25.352,25352
9053,1080,4,1,21,16:40:33,24.526,24526
9054,1080,839,1,21,16:40:50,24.875,24875
9055,1080,852,2,21,16:41:30,26.021,26021
9056,1080,815,2,22,16:41:35,24.536,24536
9057,1080,830,2,22,16:41:38,26.930,26930
9058,1080,846,2,22,16:41:58,24.760,24760
9059,1080,1,2,22,16:42:19,24.507,24507
9060,1080,842,2,22,16:42:42,28.770,28770
9061,1080,848,2,22,16:43:36,31.518,31518
9062,1080,20,2,23,16:44:09,25.133,25133
9063,1080,840,3,24,16:45:45,25.650,25650
9064,1080,815,3,30,16:55:41,19:32.062,1172062
9065,1080,832,2,30,16:55:42,19:34.793,1174793
9066,1080,830,3,30,16:55:43,19:35.575,1175575
9067,1080,840,4,29,16:55:46,19:34.965,1174965
9068,1080,844,3,30,16:55:47,19:36.822,1176822
9069,1080,852,3,29,16:55:51,19:34.444,1174444
9070,1080,855,2,29,16:55:52,19:34.235,1174235
9071,1080,847,2,30,16:55:54,19:37.545,1177545
9072,1080,846,3,30,16:55:56,19:43.029,1183029
9073,1080,849,4,29,16:55:58,19:41.839,1181839
9074,1080,4,2,30,16:56:01,19:42.058,1182058
9075,1080,1,3,30,16:56:02,19:46.281,1186281
9076,1080,848,3,29,16:56:04,19:45.676,1185676
9077,1080,839,2,30,16:56:06,19:46.485,1186485
9078,1080,822,2,30,16:56:07,19:46.699,1186699
9079,1080,20,3,30,16:56:28,19:29.495,1169495
9080,1080,842,3,30,16:56:31,19:29.460,1169460
9081,1080,817,2,30,16:56:33,19:28.673,1168673
9082,1080,846,4,51,17:44:43,24.607,24607
9083,1080,852,4,56,17:52:23,25.266,25266
9084,1081,849,1,3,15:09:50,29.395,29395
9085,1081,844,1,9,15:20:26,23.212,23212
9086,1081,847,1,9,15:20:43,20.538,20538
9087,1081,842,1,9,15:20:49,22.698,22698
9088,1081,1,1,9,15:20:54,21.470,21470
9089,1081,20,1,9,15:20:55,20.249,20249
9090,1081,852,1,9,15:20:57,23.083,23083
9091,1081,855,1,9,15:21:08,23.001,23001
9092,1081,825,1,9,15:21:11,21.555,21555
9093,1081,848,1,9,15:21:16,25.577,25577
9094,1081,854,1,9,15:21:23,26.973,26973
9095,1081,815,1,16,15:33:43,23.379,23379
9096,1081,849,2,17,15:37:03,22.069,22069
9097,1081,830,1,18,15:37:17,21.468,21468
9098,1081,4,1,18,15:37:59,20.571,20571
9099,1081,846,1,20,15:41:42,21.443,21443
9100,1081,854,2,23,15:47:51,22.231,22231
9101,1081,848,2,29,15:58:39,21.540,21540
9102,1081,840,1,30,16:00:30,22.059,22059
9103,1081,830,2,33,16:04:40,20.722,20722
9104,1081,815,2,33,16:04:56,22.349,22349
9105,1081,847,2,33,16:05:19,20.527,20527
9106,1081,1,2,33,16:05:49,20.831,20831
9107,1081,817,1,33,16:06:02,21.794,21794
9108,1081,839,1,33,16:06:22,22.638,22638
9109,1081,822,1,33,16:06:34,20.979,20979
9110,1081,852,2,38,16:15:56,41.500,41500
9111,1082,20,1,5,14:10:02,23.406,23406
9112,1082,842,1,5,14:10:04,23.557,23557
9113,1082,825,1,7,14:12:33,38.262,38262
9114,1082,830,1,9,14:15:15,24.217,24217
9115,1082,1,1,9,14:15:24,23.845,23845
9116,1082,852,1,9,14:15:50,23.248,23248
9117,1082,849,1,9,14:15:59,24.020,24020
9118,1082,848,1,18,14:28:07,23.804,23804
9119,1082,847,1,19,14:29:03,23.951,23951
9120,1082,839,1,19,14:29:16,25.684,25684
9121,1082,855,1,19,14:29:24,24.281,24281
9122,1082,817,1,19,14:29:26,27.937,27937
9123,1082,846,1,19,14:29:34,43.032,43032
9124,1082,20,2,19,14:29:44,23.681,23681
9125,1082,832,1,20,14:30:33,24.215,24215
9126,1082,4,1,28,14:41:26,23.779,23779
9127,1082,842,2,36,14:52:35,23.613,23613
9128,1082,849,2,37,14:54:22,30.034,30034
9129,1082,844,1,41,14:58:44,26.199,26199
9130,1082,830,2,43,15:00:29,23.704,23704
9131,1082,846,2,42,15:00:41,24.134,24134
9132,1082,1,2,44,15:02:06,23.841,23841
9133,1082,847,2,45,15:03:30,24.069,24069
9134,1082,840,1,47,15:06:55,25.252,25252
9135,1082,852,2,47,15:07:00,23.450,23450
9136,1082,832,2,49,15:08:24,24.881,24881
9137,1082,848,2,48,15:08:45,23.530,23530
9138,1082,839,2,49,15:09:34,23.945,23945
9139,1082,4,2,49,15:09:42,25.139,25139
9140,1082,822,1,49,15:09:50,26.089,26089
9141,1082,855,2,49,15:10:04,23.980,23980
9142,1082,817,2,49,15:10:08,24.833,24833
9143,1083,830,1,1,15:05:31,50:37.323,3037323
9144,1083,832,1,1,15:05:33,50:31.752,3031752
9145,1083,1,1,1,15:05:36,50:46.888,3046888
9146,1083,844,1,1,15:05:37,50:36.360,3036360
9147,1083,4,1,1,15:05:41,50:55.700,3055700
9148,1083,815,1,1,15:05:43,50:34.772,3034772
9149,1083,846,1,1,15:05:46,50:43.215,3043215
9150,1083,849,1,1,15:05:48,50:51.904,3051904
9151,1083,822,1,1,15:05:50,50:55.732,3055732
9152,1083,817,1,1,15:05:52,51:03.314,3063314
9153,1083,842,1,1,15:05:55,50:48.950,3048950
9154,1083,825,1,1,15:05:57,51:03.613,3063613
9155,1083,20,1,1,15:06:00,51:07.301,3067301
9156,1083,840,1,1,15:06:02,51:09.017,3069017
9157,1083,854,1,1,15:06:04,51:05.174,3065174
9158,1083,852,1,1,15:06:40,50:11.861,3011861
9159,1083,839,1,1,15:07:49,49:10.760,2950760
9160,1083,815,2,5,16:04:31,37.302,37302
9161,1083,20,2,6,16:06:13,29.846,29846
9162,1083,830,2,12,16:15:21,29.395,29395
9163,1083,840,2,15,16:20:37,28.632,28632
9164,1083,842,2,16,16:22:13,29.632,29632
9165,1083,852,2,18,16:25:31,34.759,34759
9166,1083,849,2,19,16:26:52,28.829,28829
9167,1083,854,2,19,16:26:53,29.147,29147
9168,1083,832,2,20,16:27:47,28.574,28574
9169,1083,817,2,20,16:28:29,30.262,30262
9170,1083,839,2,22,16:31:35,30.342,30342
9171,1083,825,2,22,16:31:40,29.473,29473
9172,1083,830,3,23,16:33:05,29.296,29296
9173,1083,844,2,25,16:35:33,28.805,28805
9174,1083,817,3,32,16:47:52,30.599,30599
9175,1083,1,2,33,16:47:54,29.837,29837
9176,1083,4,2,33,16:48:31,28.733,28733
9177,1083,846,2,34,16:50:02,28.947,28947
9178,1083,832,3,39,16:57:33,28.435,28435
9179,1083,1,3,39,16:57:35,28.996,28996
9180,1083,817,4,38,16:57:44,29.345,29345
9181,1083,815,3,39,16:58:08,28.155,28155
9182,1083,852,3,38,16:58:09,29.448,29448
9183,1083,4,3,39,16:58:32,28.841,28841
9184,1083,20,3,39,16:59:03,28.540,28540
9185,1083,830,4,39,16:59:10,28.709,28709
9186,1083,854,3,39,16:59:12,30.832,30832
9187,1083,849,3,39,16:59:24,28.438,28438
9188,1083,846,3,40,17:00:36,28.659,28659
9189,1083,840,3,40,17:01:33,29.780,29780
9190,1084,815,1,1,15:05:03,23.681,23681
9191,1084,822,1,6,15:10:38,24.677,24677
9192,1084,847,1,11,15:16:24,38.201,38201
9193,1084,848,1,11,15:16:33,22.301,22301
9194,1084,817,1,12,15:17:44,21.356,21356
9195,1084,842,1,12,15:17:45,22.724,22724
9196,1084,849,1,12,15:17:50,21.722,21722
9197,1084,830,1,13,15:18:34,22.022,22022
9198,1084,846,1,14,15:20:05,22.684,22684
9199,1084,825,1,15,15:21:15,22.205,22205
9200,1084,839,1,16,15:22:24,21.755,21755
9201,1084,854,1,16,15:22:28,22.120,22120
9202,1084,20,1,20,15:27:30,22.112,22112
9203,1084,855,1,24,15:32:20,22.704,22704
9204,1084,844,1,26,15:33:54,21.532,21532
9205,1084,852,1,26,15:34:42,21.749,21749
9206,1084,832,1,27,15:35:10,21.212,21212
9207,1084,4,1,27,15:35:56,21.552,21552
9208,1084,1,1,28,15:36:38,23.026,23026
9209,1084,840,1,29,15:38:12,21.431,21431
9210,1084,849,2,35,15:45:51,21.206,21206
9211,1084,830,2,36,15:45:57,21.444,21444
9212,1084,822,2,39,15:50:27,22.278,22278
9213,1084,847,2,40,15:51:25,21.731,21731
9214,1084,842,2,40,15:51:40,27.610,27610
9215,1084,825,2,41,15:52:37,22.088,22088
9216,1084,848,2,41,15:52:47,22.122,22122
9217,1084,854,2,43,15:54:56,22.880,22880
9218,1084,846,2,43,15:55:00,27.324,27324
9219,1084,839,2,44,15:56:05,22.109,22109
9220,1084,817,2,44,15:56:18,21.889,21889
9221,1084,20,2,44,15:56:41,21.583,21583
9222,1084,855,2,46,15:58:57,28.860,28860
9223,1084,852,2,46,15:58:59,21.519,21519
9224,1084,844,2,49,16:01:09,21.319,21319
9225,1084,840,2,48,16:01:18,21.952,21952
9226,1084,832,2,50,16:02:23,21.492,21492
9227,1084,1,2,51,16:04:01,22.697,22697
9228,1084,4,2,57,16:11:50,21.827,21827
9229,1084,844,3,58,16:12:03,21.650,21650
9230,1084,830,3,58,16:12:09,21.319,21319
9231,1084,4,3,58,16:13:43,24.252,24252
9232,1085,825,1,8,15:17:07,36.779,36779
9233,1085,854,1,9,15:18:50,36.704,36704
9234,1085,855,1,9,15:18:55,36.444,36444
9235,1085,852,1,11,15:22:23,37.648,37648
9236,1085,830,1,16,15:29:58,35.266,35266
9237,1085,1,1,18,15:33:29,37.189,37189
9238,1085,815,1,18,15:33:34,38.061,38061
9239,1085,847,1,18,15:33:35,38.277,38277
9240,1085,4,1,18,15:33:47,36.524,36524
9241,1085,846,1,18,15:33:55,37.539,37539
9242,1085,839,1,18,15:34:00,44.747,44747
9243,1085,832,1,18,15:34:02,41.458,41458
9244,1085,817,1,18,15:34:05,36.264,36264
9245,1085,840,1,18,15:34:07,39.844,39844
9246,1085,848,1,18,15:34:13,37.380,37380
9247,1085,842,1,18,15:34:17,35.969,35969
9248,1085,822,1,18,15:34:25,37.855,37855
9249,1085,825,2,18,15:34:37,36.403,36403
9250,1085,854,2,18,15:34:48,37.003,37003
9251,1085,20,1,19,15:36:34,36.671,36671
9252,1085,849,1,19,15:36:38,37.497,37497
9253,1085,855,2,22,15:42:44,50.790,50790
9254,1085,822,2,36,16:05:53,36.520,36520
9255,1085,849,2,38,16:09:37,36.942,36942
9256,1085,832,2,42,16:15:12,42.292,42292
9257,1086,848,1,2,15:06:40,31.224,31224
9258,1086,825,1,6,15:12:24,29.641,29641
9259,1086,852,1,13,15:22:33,21.577,21577
9260,1086,846,1,14,15:23:43,23.567,23567
9261,1086,840,1,14,15:23:56,21.779,21779
9262,1086,817,1,15,15:25:20,21.558,21558
9263,1086,20,1,15,15:25:23,21.402,21402
9264,1086,847,1,16,15:26:14,22.763,22763
9265,1086,830,1,16,15:26:25,21.351,21351
9266,1086,842,1,16,15:26:55,21.675,21675
9267,1086,832,1,17,15:27:39,22.820,22820
9268,1086,815,1,18,15:29:20,21.118,21118
9269,1086,849,1,18,15:29:51,21.865,21865
9270,1086,1,1,19,15:30:39,21.699,21699
9271,1086,844,1,21,15:33:16,21.775,21775
9272,1086,4,1,21,15:33:45,22.083,22083
9273,1086,854,1,21,15:33:58,22.953,22953
9274,1086,848,2,21,15:34:22,21.816,21816
9275,1086,839,1,23,15:36:35,23.581,23581
9276,1086,822,1,26,15:41:08,22.272,22272
9277,1086,855,1,27,15:42:36,22.321,22321
9278,1086,852,2,33,15:51:30,22.016,22016
9279,1086,825,2,35,15:54:34,23.210,23210
9280,1086,830,2,38,15:57:25,21.228,21228
9281,1086,844,2,39,15:58:41,21.972,21972
9282,1086,847,2,39,15:58:47,21.743,21743
9283,1086,849,2,39,16:00:11,22.452,22452
9284,1086,848,3,40,16:01:49,24.298,24298
9285,1086,854,2,41,16:03:01,22.566,22566
9286,1086,815,2,42,16:03:23,21.167,21167
9287,1086,846,2,42,16:03:39,21.855,21855
9288,1086,817,2,46,16:09:35,21.521,21521
9289,1086,840,2,46,16:09:36,21.615,21615
9290,1086,20,2,46,16:09:42,25.030,25030
9291,1086,842,2,46,16:09:48,21.489,21489
9292,1086,832,2,47,16:10:02,23.456,23456
9293,1086,1,2,51,16:15:42,22.095,22095
9294,1086,855,2,51,16:17:20,28.218,28218
9295,1086,852,3,51,16:17:46,22.128,22128
9296,1086,844,3,54,16:20:03,21.544,21544
9297,1086,849,3,56,16:24:42,28.777,28777
9298,1086,825,3,67,16:40:35,23.147,23147
9299,1087,844,1,3,15:11:12,24.198,24198
9300,1087,849,1,3,15:11:25,35.825,35825
9301,1087,848,1,10,15:25:41,23.334,23334
9302,1087,842,1,10,15:25:49,22.857,22857
9303,1087,832,1,11,15:27:20,22.543,22543
9304,1087,4,1,11,15:27:31,22.641,22641
9305,1087,825,1,11,15:27:45,26.815,26815
9306,1087,817,1,12,15:29:33,23.085,23085
9307,1087,839,1,12,15:29:35,23.511,23511
9308,1087,847,1,13,15:31:15,22.825,22825
9309,1087,846,1,13,15:31:34,23.036,23036
9310,1087,815,1,14,15:33:07,22.349,22349
9311,1087,20,1,14,15:33:20,23.222,23222
9312,1087,855,1,14,15:33:31,23.744,23744
9313,1087,854,1,14,15:33:42,24.158,24158
9314,1087,830,1,15,15:34:57,22.882,22882
9315,1087,840,1,15,15:35:24,23.555,23555
9316,1087,849,2,15,15:35:37,24.168,24168
9317,1087,852,1,18,15:41:15,30.055,30055
9318,1087,842,2,22,15:49:05,22.542,22542
9319,1087,832,2,25,15:54:09,22.750,22750
9320,1087,844,2,25,15:54:29,23.189,23189
9321,1087,4,2,25,15:54:38,23.954,23954
9322,1087,848,2,26,15:56:46,24.415,24415
9323,1087,840,2,26,15:56:48,23.349,23349
9324,1087,815,2,27,15:57:52,22.650,22650
9325,1087,825,2,27,15:58:52,23.396,23396
9326,1087,855,2,28,16:00:41,23.364,23364
9327,1087,847,2,29,16:01:48,22.977,22977
9328,1087,846,2,29,16:02:33,23.560,23560
9329,1087,830,2,30,16:03:17,22.322,22322
9330,1087,852,2,30,16:04:30,24.253,24253
9331,1087,854,2,30,16:04:45,24.982,24982
9332,1087,839,2,32,16:08:04,23.491,23491
9333,1087,817,2,32,16:08:17,23.146,23146
9334,1087,20,2,33,16:09:55,22.833,22833
9335,1087,849,3,34,16:12:36,23.414,23414
9336,1087,844,3,42,16:26:44,23.334,23334
9337,1088,20,1,9,15:14:56,22.391,22391
9338,1088,842,1,11,15:17:31,18.789,18789
9339,1088,817,1,11,15:17:33,19.546,19546
9340,1088,4,1,12,15:18:45,19.578,19578
9341,1088,855,1,12,15:18:49,19.548,19548
9342,1088,854,1,13,15:20:02,26.813,26813
9343,1088,852,1,13,15:20:05,18.774,18774
9344,1088,849,1,13,15:20:19,20.284,20284
9345,1088,832,1,14,15:21:02,29.705,29705
9346,1088,815,1,14,15:21:05,18.835,18835
9347,1088,825,1,14,15:21:35,20.785,20785
9348,1088,840,1,16,15:23:49,20.205,20205
9349,1088,822,1,16,15:24:05,19.741,19741
9350,1088,844,1,17,15:24:47,19.080,19080
9351,1088,846,1,17,15:25:04,19.303,19303
9352,1088,830,1,18,15:25:58,19.634,19634
9353,1088,839,1,18,15:26:30,19.455,19455
9354,1088,848,1,21,15:30:35,19.325,19325
9355,1088,849,2,26,15:37:39,20.733,20733
9356,1088,817,2,27,15:38:47,19.567,19567
9357,1088,1,1,29,15:40:15,19.046,19046
9358,1088,847,1,31,15:42:53,19.359,19359
9359,1088,842,2,32,15:45:03,18.700,18700
9360,1088,854,2,33,15:46:28,21.814,21814
9361,1088,822,2,34,15:47:42,21.049,21049
9362,1088,825,2,34,15:47:53,23.710,23710
9363,1088,20,2,35,15:49:07,19.156,19156
9364,1088,855,2,37,15:51:33,25.433,25433
9365,1088,840,2,38,15:52:27,20.214,20214
9366,1088,815,2,40,15:54:40,18.738,18738
9367,1088,852,2,42,15:57:54,19.293,19293
9368,1088,848,2,42,15:58:02,19.911,19911
9369,1088,832,2,43,15:58:43,19.493,19493
9370,1088,844,2,45,16:00:48,19.084,19084
9371,1088,852,3,43,16:01:22,52.684,52684
9372,1088,846,2,47,16:04:07,21.117,21117
9373,1088,4,2,47,16:04:12,21.501,21501
9374,1088,830,2,48,16:04:44,19.610,19610
9375,1088,1,2,48,16:05:02,19.164,19164
9376,1088,847,2,48,16:05:08,20.742,20742
9377,1088,854,3,47,16:05:28,20.283,20283
9378,1088,825,3,47,16:05:32,23.663,23663
9379,1088,817,3,47,16:05:38,19.718,19718
9380,1088,20,3,48,16:07:10,18.709,18709
9381,1088,849,3,54,16:15:44,20.051,20051
9382,1088,830,3,56,16:15:47,19.655,19655
9383,1088,848,3,55,16:16:14,20.508,20508
9384,1088,844,3,56,16:16:24,19.576,19576
9385,1088,815,3,56,16:16:29,19.250,19250
9386,1088,855,3,55,16:16:34,20.188,20188
9387,1088,817,4,55,16:16:52,20.295,20295
9388,1088,839,2,56,16:17:06,21.602,21602
9389,1088,840,3,56,16:17:12,19.141,19141
9390,1088,842,3,56,16:17:37,18.572,18572
9391,1088,1,3,57,16:18:18,14.155,14155
9392,1088,849,4,55,16:18:20,14.459,14459
9393,1088,847,3,57,16:18:21,21.363,21363
9394,1088,830,4,57,16:18:22,14.113,14113
9395,1088,848,4,56,16:18:24,14.114,14114
9396,1088,854,4,56,16:18:26,14.144,14144
9397,1088,20,4,56,16:18:30,14.349,14349
9398,1088,844,4,57,16:18:32,14.008,14008
9399,1088,825,4,56,16:18:34,14.175,14175
9400,1088,815,4,57,16:18:36,14.113,14113
9401,1088,855,4,56,16:18:40,14.128,14128
9402,1088,832,3,57,16:18:46,21.164,21164
9403,1088,846,3,57,16:18:50,21.264,21264
9404,1088,4,3,57,16:18:53,15.762,15762
9405,1088,817,5,56,16:19:00,14.493,14493
9406,1088,839,3,57,16:19:10,14.041,14041
9407,1088,840,4,57,16:19:11,14.118,14118
9408,1088,842,4,57,16:19:20,13.973,13973
9409,1089,815,1,7,15:13:53,23.698,23698
9410,1089,844,1,12,15:21:01,23.531,23531
9411,1089,849,1,15,15:26:02,26.782,26782
9412,1089,842,1,18,15:30:13,25.376,25376
9413,1089,855,1,18,15:30:16,25.366,25366
9414,1089,840,1,18,15:30:22,24.254,24254
9415,1089,817,1,19,15:31:40,25.164,25164
9416,1089,856,1,19,15:31:43,24.628,24628
9417,1089,839,1,19,15:31:50,24.336,24336
9418,1089,852,1,19,15:31:51,24.009,24009
9419,1089,847,1,23,15:37:02,25.075,25075
9420,1089,825,1,24,15:39:20,30.164,30164
9421,1089,830,1,25,15:39:43,23.791,23791
9422,1089,832,1,30,15:47:28,23.728,23728
9423,1089,844,2,33,15:51:22,23.904,23904
9424,1089,1,1,33,15:52:05,24.282,24282
9425,1089,854,1,33,15:52:21,24.817,24817
9426,1089,846,1,35,15:54:54,26.714,26714
9427,1089,822,1,35,15:55:18,24.758,24758
9428,1089,815,2,42,16:05:01,23.299,23299
9429,1089,847,2,47,16:11:50,24.114,24114
9430,1089,825,2,46,16:12:00,24.846,24846
9431,1089,832,2,47,16:12:01,24.525,24525
9432,1089,846,2,47,16:12:41,24.784,24784
9433,1089,830,2,48,16:13:04,24.091,24091
9434,1089,852,2,47,16:13:25,23.904,23904
9435,1089,844,3,48,16:13:27,23.719,23719
9436,1089,849,2,47,16:13:35,24.263,24263
9437,1091,825,1,7,21:23:45,39.247,39247
9438,1091,847,1,21,21:54:16,30.378,30378
9439,1091,842,1,33,22:19:45,29.867,29867
9440,1091,852,1,33,22:20:11,31.293,31293
9441,1091,822,1,33,22:20:13,32.167,32167
9442,1091,825,2,33,22:20:17,32.603,32603
9443,1091,844,1,34,22:20:56,32.058,32058
9444,1091,1,1,34,22:21:36,41.019,41019
9445,1091,20,1,34,22:21:44,29.704,29704
9446,1091,854,1,34,22:22:03,31.201,31201
9447,1091,815,1,35,22:22:51,29.550,29550
9448,1091,832,1,35,22:23:17,30.603,30603
9449,1091,830,1,35,22:23:33,29.407,29407
9450,1091,840,1,35,22:23:50,29.863,29863
9451,1091,847,2,35,22:25:08,29.713,29713
9452,1091,846,1,36,22:25:51,30.528,30528
9453,1091,817,1,36,22:26:23,30.946,30946
9454,1091,830,2,40,22:36:35,29.775,29775
9455,1091,854,2,41,22:39:34,34.722,34722
9456,1091,847,3,41,22:39:46,33.211,33211
9457,1091,847,4,51,22:59:32,29.893,29893
9458,1092,842,1,1,14:06:24,41.319,41319
9459,1092,830,1,2,14:08:39,6:27.399,387399
9460,1092,844,1,2,14:08:41,6:29.973,389973
9461,1092,815,1,2,14:08:44,6:32.517,392517
9462,1092,839,1,2,14:08:46,6:33.601,393601
9463,1092,1,1,2,14:08:49,6:36.504,396504
9464,1092,4,1,2,14:08:52,6:36.837,396837
9465,1092,847,1,2,14:08:54,6:41.057,401057
9466,1092,817,1,2,14:08:57,6:41.749,401749
9467,1092,852,1,2,14:09:00,6:42.478,402478
9468,1092,854,1,2,14:09:04,6:40.857,400857
9469,1092,840,1,2,14:09:07,6:40.463,400463
9470,1092,825,1,2,14:09:08,6:42.029,402029
9471,1092,846,1,2,14:09:10,6:46.256,406256
9472,1092,822,1,2,14:09:11,6:47.553,407553
9473,1092,849,1,2,14:09:14,6:47.673,407673
9474,1092,20,1,2,14:09:17,6:49.647,409647
9475,1092,855,1,2,14:09:20,6:50.005,410005
9476,1092,842,2,2,14:09:22,6:49.011,409011
9477,1092,849,2,5,16:23:57,24.785,24785
9478,1092,20,2,5,16:23:58,24.218,24218
9479,1092,846,2,6,16:25:53,24.595,24595
9480,1092,822,2,6,16:25:56,24.869,24869
9481,1092,830,2,7,16:27:26,24.308,24308
9482,1092,844,2,7,16:27:27,25.899,25899
9483,1092,815,2,7,16:27:32,25.322,25322
9484,1092,839,2,7,16:27:34,25.172,25172
9485,1092,1,2,7,16:27:36,25.059,25059
9486,1092,847,2,7,16:27:40,28.728,28728
9487,1092,852,2,7,16:27:44,24.439,24439
9488,1092,825,2,7,16:27:47,25.594,25594
9489,1092,840,2,7,16:27:48,24.005,24005
9490,1092,842,3,7,16:27:52,24.966,24966
9491,1092,4,2,8,16:29:28,24.106,24106
9492,1092,817,2,8,16:29:36,25.377,25377
9493,1092,855,2,9,16:31:37,24.563,24563
9494,1092,854,2,11,16:35:25,24.608,24608
9495,1092,855,3,18,16:48:24,24.266,24266
9496,1092,840,3,19,16:50:04,23.870,23870
9497,1092,842,4,19,16:50:13,23.966,23966
9498,1092,852,3,20,16:51:53,23.756,23756
9499,1092,4,3,22,16:55:11,24.123,24123
9500,1093,849,1,5,14:12:42,25.321,25321
9501,1093,848,1,9,14:19:29,24.624,24624
9502,1093,855,1,9,14:19:31,27.326,27326
9503,1093,822,1,10,14:21:08,25.013,25013
9504,1093,852,1,10,14:21:14,23.688,23688
9505,1093,817,1,10,14:21:17,26.206,26206
9506,1093,842,1,11,14:22:51,23.670,23670
9507,1093,1,1,12,14:24:13,24.362,24362
9508,1093,830,1,13,14:25:50,23.866,23866
9509,1093,847,1,13,14:26:03,30.038,30038
9510,1093,815,1,14,14:27:47,23.403,23403
9511,1093,846,1,14,14:28:05,24.026,24026
9512,1093,840,1,15,14:29:39,25.417,25417
9513,1093,844,1,18,14:34:58,24.314,24314
9514,1093,20,1,18,14:35:06,24.307,24307
9515,1093,4,1,18,14:35:26,23.870,23870
9516,1093,839,1,18,14:35:37,24.816,24816
9517,1093,854,1,18,14:35:37,25.209,25209
9518,1093,825,1,18,14:35:42,29.039,29039
9519,1093,848,2,18,14:35:50,24.311,24311
9520,1093,849,2,18,14:36:12,24.195,24195
9521,1093,4,2,22,14:45:23,39.707,39707
9522,1093,855,2,23,14:48:10,25.015,25015
9523,1093,842,2,32,15:05:32,28.918,28918
9524,1093,852,2,33,15:07:16,23.241,23241
9525,1093,854,2,33,15:07:18,24.651,24651
9526,1093,1,2,34,15:08:39,24.135,24135
9527,1093,846,2,34,15:08:59,23.702,23702
9528,1093,830,2,35,15:10:18,32.254,32254
9529,1093,844,2,35,15:10:26,23.755,23755
9530,1093,817,2,35,15:10:56,24.436,24436
9531,1093,847,2,36,15:12:10,24.509,24509
9532,1093,815,2,38,15:15:33,24.801,24801
9533,1093,20,2,41,15:20:46,38.157,38157
9534,1093,839,2,45,15:28:05,24.711,24711
9535,1093,847,3,54,15:42:52,23.947,23947
9536,1094,840,1,17,14:27:31,23.509,23509
9537,1094,815,1,23,14:35:10,24.892,24892
9538,1094,849,1,23,14:36:14,23.826,23826
9539,1094,854,1,24,14:37:37,23.679,23679
9540,1094,830,1,25,14:37:51,22.487,22487
9541,1094,844,1,28,14:42:33,22.193,22193
9542,1094,1,1,29,14:43:26,23.194,23194
9543,1094,832,1,29,14:43:52,23.469,23469
9544,1094,852,1,29,14:44:16,22.468,22468
9545,1094,846,1,31,14:47:02,22.585,22585
9546,1094,839,1,33,14:49:47,22.343,22343
9547,1094,847,1,34,14:50:27,22.795,22795
9548,1094,20,1,38,14:57:10,22.534,22534
9549,1094,848,1,38,14:57:16,23.182,23182
9550,1094,825,1,38,14:57:34,23.722,23722
9551,1094,822,1,39,14:58:09,23.863,23863
9552,1094,4,1,40,14:59:30,23.159,23159
9553,1094,842,1,40,15:00:02,29.168,29168
9554,1094,840,2,40,15:00:20,23.119,23119
9555,1094,817,1,44,15:05:25,22.280,22280
9556,1094,855,1,45,15:07:02,24.218,24218
9557,1094,849,2,52,15:17:55,24.039,24039
9558,1094,847,2,69,15:39:22,23.118,23118
9559,1095,848,1,4,15:10:31,24.361,24361
9560,1095,830,1,7,15:15:34,30.942,30942
9561,1095,844,1,7,15:15:42,30.080,30080
9562,1095,4,1,14,15:24:40,23.478,23478
9563,1095,855,1,16,15:27:16,24.332,24332
9564,1095,832,1,17,15:28:17,25.206,25206
9565,1095,842,1,19,15:31:04,23.460,23460
9566,1095,852,1,20,15:32:36,23.287,23287
9567,1095,849,1,20,15:32:40,28.807,28807
9568,1095,844,2,21,15:34:01,23.172,23172
9569,1095,815,1,23,15:35:54,22.869,22869
9570,1095,830,2,23,15:36:31,31.682,31682
9571,1095,847,1,24,15:37:06,23.521,23521
9572,1095,846,1,24,15:37:31,29.338,29338
9573,1095,822,1,24,15:37:32,23.908,23908
9574,1095,839,1,24,15:37:35,23.868,23868
9575,1095,854,1,24,15:37:40,24.487,24487
9576,1095,848,2,25,15:39:08,23.352,23352
9577,1095,20,1,26,15:40:04,24.248,24248
9578,1095,1,1,29,15:43:41,24.081,24081
9579,1095,840,1,29,15:44:14,23.469,23469
9580,1095,849,2,32,15:48:45,24.292,24292
9581,1095,4,2,35,15:51:56,28.855,28855
9582,1095,842,2,35,15:52:05,23.328,23328
9583,1095,832,2,36,15:52:50,23.483,23483
9584,1095,855,2,37,15:54:45,25.111,25111
9585,1095,852,2,40,15:58:47,23.645,23645
9586,1095,844,3,44,16:03:38,23.124,23124
9587,1095,822,2,45,16:04:45,24.616,24616
9588,1095,20,2,45,16:04:49,24.028,24028
9589,1095,846,2,45,16:04:59,24.669,24669
9590,1095,854,2,46,16:06:22,25.156,25156
9591,1095,815,2,47,16:06:49,23.152,23152
9592,1095,839,2,47,16:07:25,24.445,24445
9593,1095,848,3,47,16:07:54,23.322,23322
9594,1095,1,2,48,16:08:02,23.415,23415
9595,1095,830,3,48,16:08:48,24.102,24102
9596,1095,840,2,48,16:08:59,23.764,23764
9597,1095,847,2,49,16:09:08,23.480,23480
9598,1095,4,3,52,16:13:58,23.790,23790
9599,1095,842,3,52,16:14:19,23.009,23009
9600,1095,832,3,53,16:14:50,23.816,23816
9601,1095,849,3,52,16:15:23,23.640,23640
9602,1095,852,3,54,16:18:28,23.635,23635
9603,1096,848,1,12,17:21:53,21.793,21793
9604,1096,840,1,13,17:23:19,21.814,21814
9605,1096,839,1,14,17:24:48,21.895,21895
9606,1096,852,1,14,17:24:50,21.591,21591
9607,1096,854,1,14,17:24:59,22.276,22276
9608,1096,842,1,14,17:25:03,21.855,21855
9609,1096,815,1,15,17:26:00,21.360,21360
9610,1096,847,1,15,17:26:08,24.243,24243
9611,1096,846,1,15,17:26:16,22.234,22234
9612,1096,855,1,15,17:26:28,22.435,22435
9613,1096,849,1,15,17:26:44,22.423,22423
9614,1096,832,1,17,17:29:08,21.930,21930
9615,1096,1,1,18,17:30:48,21.270,21270
9616,1096,4,1,19,17:32:33,21.740,21740
9617,1096,817,1,19,17:32:38,21.893,21893
9618,1096,830,1,20,17:33:31,22.735,22735
9619,1096,844,1,21,17:35:10,22.210,22210
9620,1096,20,1,25,17:41:51,23.186,23186
9621,1096,825,1,28,17:46:53,22.387,22387
9622,1096,822,1,30,17:49:54,22.573,22573
9623,1096,815,2,33,17:53:33,21.367,21367
9624,1096,854,2,34,17:55:56,23.530,23530
9625,1096,848,2,35,17:57:22,21.798,21798
9626,1096,852,2,38,18:01:49,22.262,22262
9627,1096,832,2,39,18:02:41,21.575,21575
9628,1096,847,2,39,18:02:44,27.931,27931
9629,1096,849,2,38,18:02:50,25.174,25174
9630,1096,840,2,40,18:04:44,21.802,21802
9631,1096,839,2,41,18:06:09,21.734,21734
9632,1096,846,2,42,18:07:36,21.559,21559
9633,1096,855,2,44,18:11:10,23.159,23159
9634,1098,842,1,9,18:18:56,25.885,25885
9635,1098,846,1,10,18:20:31,32.766,32766
9636,1098,852,1,10,18:20:34,25.267,25267
9637,1098,822,1,11,18:22:06,25.399,25399
9638,1098,848,1,11,18:22:12,25.054,25054
9639,1098,807,1,11,18:22:21,26.075,26075
9640,1098,856,1,11,18:22:21,25.018,25018
9641,1098,1,1,12,18:23:40,24.682,24682
9642,1098,839,1,12,18:23:50,24.966,24966
9643,1098,858,1,12,18:23:55,25.600,25600
9644,1098,855,1,12,18:24:01,25.787,25787
9645,1098,844,1,13,18:25:06,24.345,24345
9646,1098,832,1,13,18:25:17,24.500,24500
9647,1098,847,1,13,18:25:24,27.062,27062
9648,1098,830,1,14,18:26:35,24.289,24289
9649,1098,4,1,14,18:27:02,25.800,25800
9650,1098,840,1,15,18:28:45,25.449,25449
9651,1098,825,1,15,18:29:10,25.439,25439
9652,1098,839,2,15,18:29:11,41.462,41462
9653,1098,815,1,17,18:31:42,24.264,24264
9654,1098,846,2,17,18:32:38,33.661,33661
9655,1098,842,2,25,18:45:48,24.879,24879
9656,1098,848,2,26,18:47:25,24.920,24920
9657,1098,852,2,26,18:47:26,24.372,24372
9658,1098,807,2,26,18:47:41,37.769,37769
9659,1098,856,2,27,18:49:16,25.234,25234
9660,1098,846,3,27,18:49:35,33.467,33467
9661,1098,822,2,29,18:52:16,25.643,25643
9662,1098,825,2,29,18:52:40,25.344,25344
9663,1098,1,2,30,18:53:36,24.690,24690
9664,1098,840,2,30,18:53:45,24.639,24639
9665,1098,858,2,30,18:54:09,25.670,25670
9666,1098,832,2,31,18:55:11,24.227,24227
9667,1098,847,2,31,18:55:21,24.406,24406
9668,1098,855,2,32,18:57:31,25.282,25282
9669,1098,839,3,32,18:58:03,44.518,44518
9670,1098,844,2,33,18:58:16,24.644,24644
9671,1098,815,2,34,18:59:45,25.091,25091
9672,1098,4,2,34,19:00:09,24.869,24869
9673,1098,830,2,36,19:02:47,24.910,24910
9674,1098,846,4,37,19:06:27,33.236,33236
9675,1098,848,3,40,19:10:51,24.458,24458
9676,1098,842,3,40,19:10:52,24.736,24736
9677,1098,852,3,40,19:10:53,25.818,25818
9678,1098,858,3,40,19:11:05,25.047,25047
9679,1098,825,3,40,19:11:20,25.125,25125
9680,1098,807,3,40,19:11:26,27.080,27080
9681,1098,846,5,47,19:23:45,30.710,30710
9682,1098,855,3,54,19:34:31,30.167,30167
9683,1098,846,6,54,19:35:35,31.494,31494
9684,1099,857,1,1,20:05:36,31.534,31534
9685,1099,846,1,2,20:07:18,29.444,29444
9686,1099,825,1,8,20:16:55,20.870,20870
9687,1099,822,1,9,20:18:38,21.505,21505
9688,1099,855,1,11,20:21:41,21.703,21703
9689,1099,807,1,11,20:21:43,21.567,21567
9690,1099,840,1,13,20:24:39,21.150,21150
9691,1099,842,1,14,20:26:26,20.719,20719
9692,1099,832,1,15,20:27:49,20.760,20760
9693,1099,844,1,16,20:29:29,20.026,20026
9694,1099,839,1,16,20:29:34,20.762,20762
9695,1099,852,1,17,20:31:24,21.414,21414
9696,1099,848,1,17,20:31:32,21.397,21397
9697,1099,856,1,17,20:31:39,21.116,21116
9698,1099,822,2,17,20:32:08,22.191,22191
9699,1099,815,1,18,20:32:46,20.715,20715
9700,1099,4,1,18,20:32:54,26.879,26879
9701,1099,847,1,18,20:33:05,20.828,20828
9702,1099,830,1,18,20:33:15,20.824,20824
9703,1099,1,1,18,20:33:24,21.102,21102
9704,1099,858,1,18,20:33:55,21.064,21064
9705,1099,855,2,18,20:34:06,21.282,21282
9706,1099,846,2,19,20:36:25,21.352,21352
9707,1099,822,3,35,21:02:57,21.808,21808
9708,1100,839,1,1,15:05:04,18.056,18056
9709,1100,855,1,1,15:05:11,18.951,18951
9710,1100,858,1,1,15:05:13,18.382,18382
9711,1100,815,1,1,15:05:15,17.657,17657
9712,1100,822,1,1,15:05:16,21.659,21659
9713,1100,858,2,2,15:07:25,19.158,19158
9714,1100,815,2,2,15:07:26,17.814,17814
9715,1100,847,1,7,15:15:01,19.146,19146
9716,1100,832,1,7,15:15:05,18.319,18319
9717,1100,825,1,7,15:15:21,20.789,20789
9718,1100,1,1,8,15:17:43,15:25.181,925181
9719,1100,830,1,8,15:17:45,15:25.112,925112
9720,1100,4,1,8,15:17:48,15:26.940,926940
9721,1100,840,1,8,15:17:51,15:27.222,927222
9722,1100,842,1,8,15:17:53,15:26.996,926996
9723,1100,807,1,8,15:17:55,15:26.326,926326
9724,1100,847,2,8,15:17:59,15:30.824,930824
9725,1100,852,1,8,15:18:02,15:31.820,931820
9726,1100,846,1,8,15:18:04,15:34.763,934763
9727,1100,857,1,8,15:18:06,15:34.541,934541
9728,1100,832,2,8,15:18:08,15:37.024,937024
9729,1100,856,1,8,15:18:11,15:37.874,937874
9730,1100,839,2,8,15:18:14,15:37.929,937929
9731,1100,815,3,8,15:18:16,15:37.512,937512
9732,1100,855,2,8,15:18:19,15:37.849,937849
9733,1100,822,2,8,15:18:21,15:37.594,937594
9734,1100,858,3,8,15:18:23,15:38.017,938017
9735,1100,825,2,8,15:18:27,15:40.228,940228
9736,1100,858,4,36,16:15:29,19.018,19018
9737,1100,856,2,45,16:28:14,18.080,18080
9738,1100,822,3,53,16:39:03,19.825,19825
9739,1100,857,2,54,16:40:06,19.442,19442
9740,1100,855,3,54,16:40:31,21.881,21881
9741,1100,852,2,54,16:40:36,18.258,18258
9742,1100,830,2,55,16:41:38,14:27.756,867756
9743,1100,1,2,55,16:41:40,14:31.670,871670
9744,1100,4,2,55,16:41:42,14:34.306,874306
9745,1100,822,4,54,16:41:44,12:19.342,739342
9746,1100,832,3,55,16:41:45,14:34.924,874924
9747,1100,842,2,55,16:41:47,14:35.210,875210
9748,1100,840,2,55,16:41:50,14:35.053,875053
9749,1100,815,4,55,16:41:53,14:36.462,876462
9750,1100,858,5,54,16:41:54,12:12.022,732022
9751,1100,846,2,55,16:41:56,14:41.064,881064
9752,1100,807,2,55,16:41:58,14:40.712,880712
9753,1100,856,3,54,16:42:01,12:06.783,726783
9754,1100,839,3,55,16:42:03,14:39.804,879804
9755,1100,857,3,55,16:42:20,14:24.653,864653
9756,1100,855,4,55,16:42:47,14:01.565,841565
9757,1100,852,3,55,16:42:52,14:01.820,841820
9758,1100,822,5,55,16:55:40,1:16.634,76634
9759,1100,858,6,55,16:55:45,1:14.200,74200
9760,1100,856,4,55,16:55:47,1:13.234,73234
9761,1100,830,3,57,17:02:10,30:56.502,1856502
9762,1100,1,3,57,17:02:11,30:59.435,1859435
9763,1100,832,4,57,17:02:13,31:01.554,1861554
9764,1100,807,3,57,17:02:14,31:09.055,1869055
9765,1100,852,4,57,17:02:16,31:11.209,1871209
9766,1100,846,3,57,17:02:17,31:04.087,1864087
9767,1100,857,4,57,17:02:19,31:06.226,1866226
9768,1100,855,5,57,17:02:22,31:04.998,1864998
9769,1100,822,6,57,17:02:23,31:07.182,1867182
9770,1100,815,5,57,17:02:25,30:53.568,1853568
9771,1100,4,3,57,17:02:27,30:45.073,1845073
9772,1100,840,3,57,17:02:29,30:45.925,1845925
9773,1101,842,1,5,15:13:22,20.235,20235
9774,1101,822,1,6,15:15:14,20.967,20967
9775,1101,848,1,7,15:16:57,21.103,21103
9776,1101,852,1,8,15:18:43,20.497,20497
9777,1101,857,1,8,15:18:44,20.902,20902
9778,1101,858,1,8,15:18:50,21.015,21015
9779,1101,1,1,9,15:20:23,20.324,20324
9780,1101,846,1,9,15:20:27,20.346,20346
9781,1101,830,1,10,15:22:00,20.707,20707
9782,1101,825,1,10,15:22:35,30.951,30951
9783,1101,815,1,11,15:24:20,20.389,20389
9784,1101,844,1,11,15:24:25,21.126,21126
9785,1101,832,1,11,15:24:33,21.970,21970
9786,1101,4,1,11,15:24:35,23.148,23148
9787,1101,847,1,11,15:24:42,20.459,20459
9788,1101,840,1,11,15:24:42,23.161,23161
9789,1101,855,1,11,15:25:01,22.247,22247
9790,1101,822,2,12,15:27:47,22.354,22354
9791,1101,842,2,23,15:48:15,21.169,21169
9792,1101,822,3,34,16:08:14,21.012,21012
9793,1101,847,2,49,16:34:10,21.389,21389
9794,1101,807,1,49,16:34:47,24.748,24748
9795,1101,839,1,50,16:36:20,20.367,20367
9796,1102,858,1,2,15:37:09,48.938,48938
9797,1102,846,1,4,15:40:18,24.090,24090
9798,1102,857,1,5,15:41:49,22.205,22205
9799,1102,825,1,14,15:55:45,22.616,22616
9800,1102,842,1,15,15:57:16,22.417,22417
9801,1102,822,1,15,15:57:23,23.158,23158
9802,1102,856,1,15,15:57:33,23.487,23487
9803,1102,847,1,17,16:00:18,22.335,22335
9804,1102,844,1,17,16:00:25,22.068,22068
9805,1102,832,1,18,16:01:46,22.278,22278
9806,1102,815,1,20,16:04:48,21.884,21884
9807,1102,848,1,22,16:08:22,22.482,22482
9808,1102,4,1,24,16:11:02,22.631,22631
9809,1102,855,1,31,16:22:27,22.796,22796
9810,1102,807,1,33,16:25:26,23.120,23120
9811,1102,852,1,36,16:30:01,22.390,22390
9812,1102,1,1,37,16:31:29,22.150,22150
9813,1102,839,1,39,16:34:33,21.942,21942
9814,1102,840,1,42,16:39:18,22.651,22651
9815,1102,830,1,45,16:42:58,22.688,22688
9816,1104,807,1,1,15:04:32,32.494,32494
9817,1104,855,1,1,15:04:37,26.141,26141
9818,1104,815,1,1,15:04:37,24.887,24887
9819,1104,848,1,18,15:27:12,24.290,24290
9820,1104,858,1,20,15:30:02,24.376,24376
9821,1104,858,2,23,15:34:16,27.774,27774
9822,1104,1,1,31,15:43:34,24.594,24594
9823,1104,839,1,32,15:44:45,25.833,25833
9824,1104,832,1,33,15:46:05,24.252,24252
9825,1104,815,2,34,15:48:26,32.749,32749
9826,1104,844,1,44,16:00:25,24.192,24192
9827,1104,842,1,47,16:04:16,23.902,23902
9828,1104,846,1,50,16:08:48,24.663,24663
9829,1104,822,1,51,16:10:46,30.395,30395
9830,1104,840,1,51,16:10:52,24.656,24656
9831,1104,855,2,52,16:12:35,25.260,25260
9832,1104,848,2,52,16:12:37,26.990,26990
9833,1104,852,1,53,16:13:18,33.706,33706
9834,1104,858,3,52,16:13:19,25.946,25946
9835,1104,4,1,54,16:13:32,24.414,24414
9836,1104,856,1,53,16:13:47,24.539,24539
9837,1104,847,1,54,16:13:57,30.980,30980
9838,1104,839,2,54,16:14:06,24.707,24707
9839,1104,1,2,54,16:14:09,26.685,26685
9840,1104,842,2,54,16:14:18,29.949,29949
9841,1104,815,3,53,16:14:19,24.217,24217
9842,1104,830,1,55,16:15:17,24.798,24798
9843,1104,857,1,54,16:15:18,25.851,25851
9844,1104,846,2,54,16:15:20,33.428,33428
9845,1104,4,2,55,16:15:37,25.916,25916
9846,1104,807,2,54,16:16:01,34.725,34725
9847,1104,844,2,55,16:16:03,25.713,25713
9848,1104,832,2,55,16:16:04,29.300,29300
9849,1104,825,1,56,16:20:26,51.052,51052
9850,1104,815,4,57,16:21:27,29.337,29337
9851,1104,807,3,59,16:25:02,25.672,25672
9852,1104,815,5,70,16:43:16,25.466,25466
9853,1105,846,1,1,15:04:44,37.736,37736
9854,1105,822,1,5,15:10:18,23.691,23691
9855,1105,807,1,8,15:14:21,22.298,22298
9856,1105,855,1,9,15:15:38,23.430,23430
9857,1105,856,1,9,15:15:44,22.522,22522
9858,1105,852,1,10,15:17:01,22.176,22176
9859,1105,825,1,10,15:17:06,22.124,22124
9860,1105,839,1,13,15:21:01,22.112,22112
9861,1105,840,1,14,15:22:19,22.355,22355
9862,1105,832,1,15,15:23:33,22.321,22321
9863,1105,844,1,16,15:25:17,21.778,21778
9864,1105,848,1,16,15:25:24,23.319,23319
9865,1105,857,1,17,15:26:32,22.370,22370
9866,1105,858,1,17,15:26:49,22.583,22583
9867,1105,4,1,19,15:29:09,22.558,22558
9868,1105,842,1,19,15:29:18,23.388,23388
9869,1105,846,2,22,15:33:50,22.850,22850
9870,1105,1,1,24,15:35:37,22.575,22575
9871,1105,825,2,24,15:36:26,24.800,24800
9872,1105,847,1,25,15:37:07,22.275,22275
9873,1105,830,1,26,15:38:06,22.241,22241
9874,1105,807,2,26,15:39:04,23.257,23257
9875,1105,815,1,27,15:39:57,21.775,21775
9876,1105,840,2,34,15:49:34,23.371,23371
9877,1105,852,2,34,15:49:38,22.009,22009
9878,1105,839,2,35,15:50:57,24.110,24110
9879,1105,855,2,36,15:52:25,22.889,22889
9880,1105,858,2,36,15:52:53,23.827,23827
9881,1105,848,2,37,15:54:12,23.449,23449
9882,1105,856,2,38,15:55:17,21.976,21976
9883,1105,857,2,39,15:56:28,22.862,22862
9884,1105,842,2,39,15:56:30,23.610,23610
9885,1105,822,2,39,15:56:58,24.097,24097
9886,1105,832,2,41,15:58:46,22.375,22375
9887,1105,844,2,41,15:59:13,23.003,23003
9888,1105,825,3,42,16:00:59,22.291,22291
9889,1105,807,3,43,16:02:05,24.484,24484
9890,1105,4,2,44,16:03:01,22.896,22896
9891,1105,847,2,45,16:03:58,22.054,22054
9892,1105,1,2,50,16:10:22,22.731,22731
9893,1105,815,2,50,16:10:42,21.537,21537
9894,1105,846,3,50,16:11:39,22.062,22062
9895,1105,830,2,52,16:12:44,22.357,22357
9896,1106,852,1,1,14:04:32,23.646,23646
9897,1106,842,1,10,14:16:36,27.515,27515
9898,1106,807,1,11,14:17:50,24.880,24880
9899,1106,840,1,11,14:17:53,23.711,23711
9900,1106,856,1,11,14:17:56,24.960,24960
9901,1106,830,1,12,14:18:49,23.644,23644
9902,1106,1,1,12,14:18:59,24.339,24339
9903,1106,4,1,12,14:19:00,24.031,24031
9904,1106,839,1,12,14:19:12,24.402,24402
9905,1106,857,1,12,14:19:16,24.828,24828
9906,1106,846,1,12,14:19:24,25.862,25862
9907,1106,848,1,12,14:19:25,25.064,25064
9908,1106,855,1,12,14:19:31,24.161,24161
9909,1106,847,1,12,14:19:55,1:28.943,88943
9910,1106,840,2,27,14:42:23,23.839,23839
9911,1106,807,2,31,14:47:37,24.200,24200
9912,1106,855,2,32,14:48:55,27.509,27509
9913,1106,842,2,33,14:50:14,24.117,24117
9914,1106,852,2,34,14:51:31,27.523,27523
9915,1106,846,2,35,14:52:42,23.570,23570
9916,1106,825,1,35,14:53:34,24.909,24909
9917,1106,839,2,36,14:53:56,23.698,23698
9918,1106,822,1,36,14:53:58,24.038,24038
9919,1106,815,1,37,14:55:06,23.281,23281
9920,1106,857,2,37,14:55:21,23.436,23436
9921,1106,832,1,38,14:56:16,24.133,24133
9922,1106,844,1,39,14:57:32,24.343,24343
9923,1106,1,2,40,14:58:46,23.749,23749
9924,1106,4,2,41,14:59:58,23.928,23928
9925,1106,830,2,42,15:01:10,23.910,23910
9926,1106,856,2,50,15:13:30,23.786,23786
9927,1106,825,2,53,15:17:18,24.515,24515
9928,1106,815,2,68,15:34:57,23.218,23218
9929,1107,825,1,1,15:04:16,26.587,26587
9930,1107,852,1,1,15:04:31,29.691,29691
9931,1107,830,1,2,15:05:57,16.369,16369
9932,1107,844,1,2,15:05:59,16.393,16393
9933,1107,832,1,2,15:06:01,16.380,16380
9934,1107,1,1,2,15:06:03,16.415,16415
9935,1107,846,1,2,15:06:05,18.076,18076
9936,1107,4,1,2,15:06:08,16.600,16600
9937,1107,807,1,2,15:06:09,16.778,16778
9938,1107,840,1,2,15:06:11,16.646,16646
9939,1107,842,1,2,15:06:12,16.380,16380
9940,1107,848,1,2,15:06:13,16.737,16737
9941,1107,847,1,2,15:06:17,17.946,17946
9942,1107,839,1,2,15:06:19,18.143,18143
9943,1107,815,1,2,15:06:20,17.428,17428
9944,1107,855,1,2,15:06:22,17.467,17467
9945,1107,857,1,2,15:06:23,17.324,17324
9946,1107,858,1,2,15:06:25,17.337,17337
9947,1107,822,1,2,15:06:27,17.130,17130
9948,1107,856,1,2,15:06:28,17.033,17033
9949,1107,825,2,2,15:06:31,25.654,25654
9950,1107,852,2,2,15:06:33,16.246,16246
9951,1107,855,2,8,15:14:10,24.374,24374
9952,1107,807,2,11,15:17:41,21.891,21891
9953,1107,856,2,12,15:19:01,21.333,21333
9954,1107,1,2,14,15:21:10,21.993,21993
9955,1107,846,2,14,15:21:12,21.290,21290
9956,1107,842,2,14,15:21:20,21.814,21814
9957,1107,848,2,14,15:21:22,21.562,21562
9958,1107,847,2,14,15:21:23,22.262,22262
9959,1107,839,2,14,15:21:26,22.028,22028
9960,1107,857,2,14,15:21:27,22.467,22467
9961,1107,858,2,14,15:21:32,23.194,23194
9962,1107,844,2,15,15:22:36,23.425,23425
9963,1107,832,2,15,15:22:41,26.283,26283
9964,1107,4,2,15,15:22:48,22.371,22371
9965,1107,840,2,15,15:22:54,24.332,24332
9966,1107,822,2,21,15:30:27,31.785,31785
9967,1107,857,3,22,15:31:40,29.912,29912
9968,1107,852,3,23,15:32:50,27.286,27286
9969,1107,830,2,24,15:33:13,21.365,21365
9970,1107,815,2,25,15:34:47,21.655,21655
9971,1107,825,3,34,15:46:08,22.250,22250
9972,1107,840,3,36,15:48:10,22.050,22050
9973,1107,856,3,37,15:49:41,21.074,21074
9974,1107,855,3,38,15:50:48,21.910,21910
9975,1107,839,3,40,15:52:55,30.427,30427
9976,1107,822,3,40,15:53:22,21.975,21975
9977,1107,846,3,41,15:53:39,22.088,22088
9978,1107,847,3,41,15:53:57,21.702,21702
9979,1107,848,3,41,15:54:04,27.683,27683
9980,1107,857,4,41,15:54:36,22.313,22313
9981,1107,1,3,42,15:54:50,27.724,27724
9982,1107,858,3,43,15:56:40,21.543,21543
9983,1107,852,4,43,15:56:56,21.392,21392
9984,1107,4,3,44,15:57:15,21.993,21993
9985,1107,842,3,44,15:57:30,27.804,27804
9986,1107,832,3,45,15:58:10,28.583,28583
9987,1107,844,3,47,16:00:26,21.470,21470
9988,1107,830,3,49,16:02:31,21.641,21641
9989,1107,815,3,50,16:04:07,21.267,21267
9990,1107,840,4,54,16:09:28,21.837,21837
9991,1107,830,4,69,16:25:43,21.328,21328
9992,1108,807,1,7,15:14:17,41.972,41972
9993,1108,852,1,14,15:25:15,28.353,28353
9994,1108,844,1,18,15:31:08,28.244,28244
9995,1108,855,1,24,15:40:56,29.177,29177
9996,1108,832,1,26,15:43:36,28.869,28869
9997,1108,856,1,27,15:45:34,28.242,28242
9998,1108,847,1,28,15:46:37,29.455,29455
9999,1108,815,1,28,15:46:50,28.060,28060
10000,1108,857,1,29,15:48:05,28.655,28655
10001,1108,858,1,29,15:48:37,28.847,28847
10002,1108,842,1,31,15:51:30,28.458,28458
10003,1108,840,1,31,15:51:39,28.561,28561
10004,1108,848,1,32,15:53:10,29.634,29634
10005,1108,844,2,32,15:53:11,28.805,28805
10006,1108,822,1,32,15:53:38,29.662,29662
10007,1108,852,2,32,15:53:48,28.603,28603
10008,1108,856,2,32,15:53:55,28.413,28413
10009,1108,807,2,32,15:54:11,30.003,30003
10010,1108,830,1,33,15:54:29,29.056,29056
10011,1108,846,1,33,15:54:43,28.438,28438
10012,1108,1,1,33,15:54:58,29.169,29169
10013,1108,4,1,33,15:55:09,28.679,28679
10014,1108,855,2,33,15:56:08,28.709,28709
10015,1108,855,3,36,16:02:39,34.374,34374
10016,1109,848,1,8,15:14:47,22.076,22076
10017,1109,840,1,9,15:16:10,21.910,21910
10018,1109,852,1,9,15:16:10,26.170,26170
10019,1109,822,1,9,15:16:11,22.114,22114
10020,1109,855,1,10,15:17:40,29.211,29211
10021,1109,858,1,13,15:21:59,24.001,24001
10022,1109,825,1,14,15:23:24,22.753,22753
10023,1109,832,1,15,15:24:37,21.402,21402
10024,1109,1,1,16,15:25:56,21.974,21974
10025,1109,807,1,16,15:26:11,22.922,22922
10026,1109,846,1,17,15:27:16,21.541,21541
10027,1109,844,1,17,15:27:23,28.404,28404
10028,1109,857,1,18,15:28:39,21.171,21171
10029,1109,817,1,18,15:29:10,21.958,21958
10030,1109,4,1,20,15:31:46,22.916,22916
10031,1109,830,1,23,15:35:32,21.407,21407
10032,1109,815,1,24,15:37:20,21.862,21862
10033,1109,847,1,28,15:43:20,21.886,21886
10034,1109,817,2,29,15:45:13,22.203,22203
10035,1109,848,2,31,15:47:54,21.762,21762
10036,1109,840,2,34,15:52:02,22.403,22403
10037,1109,858,2,34,15:52:24,22.197,22197
10038,1109,807,2,38,15:57:58,21.955,21955
10039,1109,855,2,38,15:58:02,22.853,22853
10040,1109,822,2,40,16:00:39,23.242,23242
10041,1109,825,2,41,16:02:32,22.152,22152
10042,1109,857,2,42,16:02:48,22.030,22030
10043,1109,815,2,42,16:02:51,20.880,20880
10044,1109,844,2,43,16:04:31,21.452,21452
10045,1109,4,2,43,16:04:39,24.152,24152
10046,1109,846,2,44,16:05:28,21.430,21430
10047,1109,832,2,44,16:05:56,22.051,22051
10048,1109,852,2,44,16:06:33,21.181,21181
10049,1109,847,2,46,16:08:49,21.675,21675
10050,1109,1,2,49,16:12:41,21.728,21728
10051,1109,830,2,51,16:14:53,21.680,21680
10052,1110,846,1,5,15:13:27,25.012,25012
10053,1110,825,1,5,15:13:30,23.638,23638
10054,1110,817,1,5,15:13:31,22.843,22843
10055,1110,839,1,6,15:15:23,23.085,23085
10056,1110,822,1,6,15:15:24,23.362,23362
10057,1110,848,1,7,15:17:14,25.015,25015
10058,1110,832,1,7,15:17:20,23.303,23303
10059,1110,855,1,7,15:17:21,24.449,24449
10060,1110,858,1,8,15:19:14,23.570,23570
10061,1110,852,1,9,15:20:59,22.610,22610
10062,1110,4,1,10,15:22:48,23.085,23085
10063,1110,1,1,12,15:26:27,23.090,23090
10064,1110,807,1,12,15:26:56,24.571,24571
10065,1110,815,1,13,15:28:09,23.684,23684
10066,1110,844,1,13,15:28:16,23.224,23224
10067,1110,830,1,14,15:30:04,22.887,22887
10068,1110,846,2,17,15:36:37,23.744,23744
10069,1110,840,1,20,15:42:12,25.397,25397
10070,1110,847,1,22,15:46:00,23.837,23837
10071,1110,817,2,22,15:46:18,23.290,23290
10072,1110,842,1,23,15:48:00,25.664,25664
10073,1110,848,2,23,15:48:02,23.596,23596
10074,1110,852,2,24,15:49:52,22.737,22737
10075,1110,822,2,24,15:50:02,23.786,23786
10076,1110,807,2,24,15:50:04,25.238,25238
10077,1110,858,2,24,15:50:09,23.938,23938
10078,1110,839,2,25,15:51:50,23.339,23339
10079,1110,825,2,25,15:51:55,23.572,23572
10080,1110,855,2,25,15:52:01,24.045,24045
10081,1110,1,2,27,15:55:00,23.023,23023
10082,1110,844,2,28,15:56:48,23.148,23148
10083,1110,815,2,29,15:58:34,22.710,22710
10084,1110,4,2,29,15:59:01,23.798,23798
10085,1110,830,2,30,16:00:16,23.012,23012
10086,1110,848,3,33,16:07:06,23.529,23529
10087,1110,858,3,34,16:09:09,23.109,23109
10088,1110,1,3,42,16:23:05,23.156,23156
